{"cameraMode":{"drawMode":0,"name":"Shaded","section":"Shading Mode"},"sceneLighting":true,"audioPlay":false,"sceneViewState":{"showFog":true,"showMaterialUpdate":false,"showSkybox":true,"showFlares":true,"showImageEffects":true,"showParticleSystems":true},"in2DMode":false,"pivot":{"x":1.1935083866119385,"y":0.3449687957763672,"z":-7.206901550292969},"rotation":{"x":-0.05219205096364021,"y":-0.7309609055519104,"z":0.05624980852007866,"w":-0.6780915260314941},"size":11.547019004821778,"orthographic":false}