{"cameraMode":{"drawMode":0,"name":"Shaded","section":"Shading Mode"},"sceneLighting":true,"audioPlay":false,"sceneViewState":{"showFog":true,"showMaterialUpdate":false,"showSkybox":true,"showFlares":true,"showImageEffects":true,"showParticleSystems":true},"in2DMode":false,"pivot":{"x":0.34404006600379946,"y":0.10496480017900467,"z":-3.328543186187744},"rotation":{"x":-0.05530659854412079,"y":-0.3968788683414459,"z":0.023957472294569017,"w":-0.9158899784088135},"size":29.042343139648439,"orthographic":false}