{"cameraMode":{"drawMode":0,"name":"Shaded","section":"Shading Mode"},"sceneLighting":true,"audioPlay":false,"sceneViewState":{"showFog":true,"showMaterialUpdate":false,"showSkybox":true,"showFlares":true,"showImageEffects":true,"showParticleSystems":true},"in2DMode":false,"pivot":{"x":0.746295690536499,"y":2.320338726043701,"z":1.498960018157959},"rotation":{"x":-0.002186353085562587,"y":-0.7522005438804627,"z":0.002483963966369629,"w":-0.6589260697364807},"size":8.36734390258789,"orthographic":false}