{"cameraMode":{"drawMode":0,"name":"Shaded","section":"Shading Mode"},"sceneLighting":false,"audioPlay":false,"sceneViewState":{"showFog":true,"showMaterialUpdate":false,"showSkybox":true,"showFlares":true,"showImageEffects":true,"showParticleSystems":true},"in2DMode":false,"pivot":{"x":-5.271096229553223,"y":-1.8121951818466187,"z":3.139397621154785},"rotation":{"x":0.1224527359008789,"y":-0.09333516657352448,"z":0.011564183048903942,"w":0.9880081415176392},"size":14.31023120880127,"orthographic":false}