{"cameraMode":{"drawMode":0,"name":"Shaded","section":"Shading Mode"},"sceneLighting":false,"audioPlay":false,"sceneViewState":{"showFog":true,"showMaterialUpdate":false,"showSkybox":true,"showFlares":true,"showImageEffects":true,"showParticleSystems":true},"in2DMode":false,"pivot":{"x":-0.06647233664989472,"y":0.8165598511695862,"z":-3.0107789039611818},"rotation":{"x":-0.08511689305305481,"y":0.3102879524230957,"z":0.027888555079698564,"w":0.9464136362075806},"size":0.19702744483947755,"orthographic":false}