{"cameraMode":{"drawMode":0,"name":"Shaded","section":"Shading Mode"},"sceneLighting":true,"audioPlay":false,"sceneViewState":{"showFog":true,"showMaterialUpdate":false,"showSkybox":true,"showFlares":true,"showImageEffects":true,"showParticleSystems":true},"in2DMode":false,"pivot":{"x":0.0,"y":0.6100000143051148,"z":-10.5600004196167},"rotation":{"x":-0.13181108236312867,"y":-0.46915632486343386,"z":0.07105811685323715,"w":-0.8703269958496094},"size":2.3730199337005617,"orthographic":false}