{"cameraMode":{"drawMode":0,"name":"Shaded","section":"Shading Mode"},"sceneLighting":false,"audioPlay":false,"sceneViewState":{"showFog":true,"showMaterialUpdate":false,"showSkybox":true,"showFlares":true,"showImageEffects":true,"showParticleSystems":true},"in2DMode":false,"pivot":{"x":12.181585311889649,"y":0.009950399398803711,"z":0.48572444915771487},"rotation":{"x":-0.13735409080982209,"y":-0.57420414686203,"z":0.09845327585935593,"w":-0.8010807633399963},"size":10.091999053955079,"orthographic":false}