{"cameraMode":{"drawMode":0,"name":"Shaded","section":"Shading Mode"},"sceneLighting":true,"audioPlay":false,"sceneViewState":{"showFog":true,"showMaterialUpdate":false,"showSkybox":true,"showFlares":true,"showImageEffects":true,"showParticleSystems":true},"in2DMode":false,"pivot":{"x":35.033226013183597,"y":-17.616052627563478,"z":45.58707809448242},"rotation":{"x":-0.016179656609892846,"y":-0.9827780723571777,"z":0.10537192225456238,"w":-0.1509382277727127},"size":123.43550109863281,"orthographic":false}