{"cameraMode":{"drawMode":0,"name":"Shaded","section":"Shading Mode"},"sceneLighting":false,"audioPlay":false,"sceneViewState":{"showFog":true,"showMaterialUpdate":false,"showSkybox":true,"showFlares":true,"showImageEffects":true,"showParticleSystems":true},"in2DMode":false,"pivot":{"x":-0.005860090255737305,"y":0.5414105653762817,"z":-2.9253578186035158},"rotation":{"x":-0.17423997819423676,"y":-0.5016802549362183,"z":0.10394858568906784,"w":-0.8409233689308167},"size":2.59702730178833,"orthographic":false}